{
   "description": "1 job, 2 locations, 1 vehicle",
   "jobs": [
       {
           "id": "1",
           "location_index": 1,
           "service": 30,
           "time_windows": [[1749553200, 1749560400]]
       }
   ],
   "vehicles": [
       {
           "id": "1",
           "start_index": 1,
           "time_window": [1749538800, 1749592800]
       }
   ],
    "locations":
        {
            "id": 1,
            "location": [
                "40.016588,-105.224365","40.068497,-105.288575"
            ]
        }
}